Id,FirstName,LastName,Age,Address,Email
0,Aiyana,Murphy,60,76824 White Gateway,jasmin@considine.us
0,Reyes,Torp,29,46045 Deckow Mission,wellington@hegmann.info
0,Cristina,Wiza,26,128 Littel Parks,catalina_welch@jast.name
0,Kelvin,Botsford,35,4275 Mueller Orchard,brandy@kutchschumm.name
0,Tanya,Bartoletti,80,82106 Andrew Extensions,jimmie_tromp@mclaughlin.uk
0,Ambrose,Quigley,38,832 Lon Forge,dedrick_kertzmann@dickens.biz
0,Russ,Green,79,5701 Homenick Mews,rafael.watsica@beerpouros.info
0,Carmel,Ruecker,52,73662 Daugherty Station,laura.hermann@schumm.biz
0,Kristoffer,Reilly,42,5015 Mathew Fall,dorthy@muller.co.uk
0,Brittany,Reichert,36,50461 Mante Hollow,aiyana.sanford@shanahan.co.uk
0,Katelynn,Schimmel,54,36750 Bosco Estate,israel.spinka@denesik.co.uk
0,Jeromy,Kutch,98,6441 Marlee Lakes,thad_bailey@russel.com
0,Rene,Witting,92,44073 Percival Groves,elna.doyle@schultz.uk
